actual_link_quality,predicted_link_quality,actual_rssi,predicted_rssi,failure_probability,failure_status
0.0092352408502471,-0.013846709,0.9235240850247128,0.51605153,0.99988556,1
0.0223528110977671,-0.015052671,2.23528110977671,0.44977742,0.9998922,1
0.0365081565395596,-0.016684014,3.6508156539559637,0.3085334,0.9999004,1
0.0324296471588269,-0.011108144,3.242964715882696,0.6929486,0.99987656,1
0.0199627537000592,0.0022090664,1.9962753700059288,1.7818555,0.9997632,1
0.009826816111003603,0.008714417,0.9826816111003667,2.417387,0.9995969,1
0.0047312202238665,0.0017420107,0.4731220223866572,1.877829,0.999656,1
0.0033475241530344,-0.009773067,0.3347524153034409,0.82107604,0.9998076,1
0.014648854601385902,-0.017949767,1.464885460138593,0.09745982,0.99988735,1
0.009733165622454402,-0.022019854,0.9733165622454407,-0.19335286,0.9999193,1
0.0075851374546828,-0.022966295,0.7585137454682866,0.043222833,0.99993044,1
0.0183761168581134,-0.014313201,1.837611685811341,0.8448719,0.9999104,1
0.0017155499594916,-0.0031747937,0.1715549959491635,1.5674077,0.9998573,1
0.015600120718681698,0.012829275,1.5600120718681718,2.3469138,0.9996372,1
0.0025819969590913,0.012496591,0.2581996959091392,1.6392161,0.9992658,1
0.002602414227148,0.014939236,0.260241422714802,1.7775546,0.999159,1
0.0066586564404995,0.011012356,0.6658656440499566,1.476013,0.99931914,1
0.0084294070706847,0.00831198,0.842940707068479,1.2300956,0.9994596,1
0.006994404837665,0.010511192,0.6994404837665003,1.4373171,0.99948347,1
0.0017020140322626,0.012847367,0.1702014032262611,1.5927857,0.9994208,1
0.0036082389384661,0.013782478,0.3608238938466179,1.7342389,0.9994055,1
0.0040950381576629,0.01009131,0.4095038157662989,1.4362137,0.99948096,1
0.0057071316981899,0.009047411,0.5707131698189927,1.3188407,0.9995225,1
0.014179171827596202,0.009889249,1.4179171827596202,1.3787739,0.9995338,1
0.410870980313846,0.011577758,41.0870980313846,1.5288177,0.9995135,1
0.3981063488763522,0.22499385,39.81063488763522,18.668205,0.04015802,0
0.4011344041205248,0.30809987,40.11344041205248,29.178442,0.00018927205,0
0.3966358391378852,0.29105198,39.66358391378853,28.915417,0.00013022538,0
0.3989015065122179,0.28292063,39.89015065122179,28.609415,0.00013891996,0
0.401890760281279,0.28032026,40.1890760281279,28.752926,0.00016452195,0
0.4022226628757018,0.2799881,40.22226628757018,28.716671,0.0001614608,0
0.4096940394346092,0.28027132,40.96940394346092,28.715864,0.00015539478,0
0.4191232034795299,0.2812075,41.91232034795299,28.805561,0.00015637715,0
0.4136968241188322,0.28396413,41.369682411883225,29.057724,0.00015235477,0
0.400764840296427,0.28912497,40.07648402964271,29.541138,0.00015033243,0
0.3879309480390276,0.291231,38.79309480390277,29.7789,0.00016200225,0
0.3745616654818431,0.2881662,37.45616654818432,29.546232,0.00017902389,0
0.3890442978258895,0.2814541,38.90442978258895,28.938957,0.00019009243,0
0.3861033230935393,0.2721693,38.61033230935393,28.042679,0.00019245602,0
0.3862452589454558,0.2700077,38.62452589454558,27.75812,0.00015776117,0
0.3974889978848514,0.2685275,39.74889978848514,27.550394,0.00014911577,0
0.3906207798371426,0.2681218,39.06207798371426,27.499313,0.00014775108,0
0.3983472254378526,0.27163804,39.83472254378526,27.814365,0.00014029283,0
0.4045485607861143,0.2729046,40.45485607861144,27.96828,0.0001505858,0
0.4038363003404625,0.27517468,40.38363003404625,28.18942,0.00014779886,0
0.40887337039008,0.27891037,40.887337039008,28.541399,0.00014631906,0
0.4057180089067278,0.28145206,40.57180089067278,28.807364,0.00015271665,0
0.4066195003171323,0.28412375,40.66195003171323,29.071957,0.0001531658,0
0.4117607373074393,0.2853634,41.17607373074393,29.219875,0.0001609996,0
0.4153382542199092,0.2859681,41.53382542199092,29.2936,0.0001632647,0
0.4091755144876338,0.2876831,40.91755144876338,29.448355,0.00015970365,0
0.4036342299978921,0.29017514,40.36342299978921,29.682266,0.0001595192,0
0.4133388021628658,0.28991365,41.33388021628658,29.680368,0.00016784582,0
0.407593237333588,0.28781834,40.7593237333588,29.509165,0.00017458362,0
0.4089317674659184,0.28906593,40.89317674659184,29.607952,0.00016381204,0
0.3951450812578014,0.28845263,39.51450812578015,29.54371,0.0001672834,0
0.3886644423320451,0.2880977,38.86644423320451,29.508417,0.00016574125,0
0.3939999521407171,0.28388268,39.39999521407172,29.13099,0.0001772567,0
0.4005890667294876,0.2787562,40.058906672948766,28.655005,0.00017977775,0
0.4026515013516399,0.27646947,40.26515013516399,28.392447,0.00016315872,0
0.4103061467660685,0.27745563,41.03061467660685,28.432707,0.00015111353,0
0.3986055563680199,0.2791061,39.86055563680199,28.567307,0.00014892593,0
0.413664128038323,0.2830914,41.366412803832304,28.948866,0.00014794988,0
0.4156158593876417,0.2827145,41.561585938764175,28.965216,0.00016378534,0
0.4127122903956158,0.28620255,41.27122903956158,29.294336,0.000154889,0
0.4104707858160522,0.2895091,41.04707858160522,29.600458,0.00015596184,0
0.4044702573923364,0.29085022,40.44702573923364,29.75716,0.00016430857,0
0.3963314928046091,0.2905249,39.63314928046091,29.748182,0.00016887966,0
0.3912301791019668,0.28876236,39.12301791019668,29.609095,0.00017647537,0
0.3914414344352862,0.28425622,39.14414344352862,29.18488,0.00017958414,0
0.3775271598555916,0.2793854,37.75271598555916,28.706799,0.00017591122,0
0.3821909611750716,0.27624702,38.21909611750716,28.374329,0.00016589115,0
0.3707459548721932,0.2701197,37.07459548721932,27.777485,0.00017106369,0
0.3619384335496627,0.26732785,36.19384335496628,27.481085,0.00015840844,0
0.3670194704847143,0.26253957,36.70194704847143,27.007214,0.00016126664,0
0.3546946087127197,0.2566126,35.46946087127198,26.435865,0.0001642218,0
0.3519622373596585,0.254011,35.19622373596585,26.143911,0.00014929062,0
0.3444752148889268,0.24936692,34.44752148889268,25.68653,0.00015397748,0
0.3379503994930882,0.24505864,33.79503994930882,25.255978,0.000150705,0
0.3283105011179308,0.24036753,32.83105011179309,24.791056,0.00015098808,0
0.3229428136036099,0.23554733,32.29428136036099,24.316172,0.00015166296,0
0.3374899627716558,0.22927906,33.74899627716558,23.692991,0.00015296674,0
0.3319633541966256,0.2239197,33.19633541966257,23.15623,0.00015088216,0
0.3215217739305036,0.22459485,32.152177393050366,23.147211,0.00012751065,0
0.3217312682981093,0.22423083,32.173126829810926,23.084867,0.00012630898,0
0.3133281410654798,0.22106753,31.332814106547985,22.813839,0.00013741842,0
0.3156232540257261,0.21909717,31.56232540257261,22.634367,0.00013830472,0
0.3259610197897319,0.21562916,32.596101978973195,22.302515,0.00014355373,0
0.3142898010947547,0.21338156,31.428980109475475,22.055775,0.0001357018,0
0.3046483751251838,0.21513534,30.464837512518383,22.165472,0.000120911776,0
0.2962502951105201,0.21361727,29.625029511052013,22.037472,0.00012912872,0
0.2911695561806572,0.20953563,29.11695561806572,21.680185,0.00014205139,0
0.291429716949479,0.20463176,29.142971694947907,21.218948,0.00015172934,0
0.2847914225263985,0.19992095,28.479142252639853,20.746956,0.00015175958,0
0.2756216258837937,0.19657107,27.562162588379373,20.381254,0.0001401002,0
0.2767834582216543,0.19300534,27.678345822165436,20.014597,0.00013921436,0
0.2871332706167095,0.18840104,28.713327061670952,19.567549,0.000147043,0
0.2832847773186489,0.18598911,28.328477731864893,19.318659,0.00014300531,0
0.2919053302517295,0.18752891,29.190533025172954,19.416798,0.00012520612,0
0.2988893939089584,0.18763563,29.888939390895843,19.41124,0.00012319705,0
0.2937959057429034,0.19014445,29.379590574290344,19.643648,0.00011798916,0
0.2894876294349245,0.19417301,28.948762943492454,20.022907,0.000113710696,0
0.2974666912268718,0.19530934,29.74666912268718,20.17009,0.00012100613,0
0.2982851472794944,0.19433442,29.828514727949447,20.115406,0.00013003268,0
0.2925117952711431,0.1960341,29.251179527114317,20.274488,0.0001252392,0
0.2922739711905134,0.19729714,29.227397119051343,20.381428,0.00012210426,0
0.2938568200257019,0.19623095,29.385682002570196,20.295387,0.00012774383,0
0.299170449444032,0.19549802,29.91704494440321,20.238516,0.00013064554,0
0.2859962662939921,0.19565105,28.59962662939921,20.249023,0.00012898154,0
0.2962261938355332,0.19703154,29.62261938355332,20.356905,0.00012205687,0
0.2908964787616935,0.19428587,29.08964787616935,20.118471,0.00013340754,0
0.2870249789743114,0.19528235,28.70249789743114,20.207434,0.00012714448,0
0.2778205763717737,0.1947166,27.78205763717737,20.14914,0.00012838872,0
0.2872445581619117,0.19307205,28.72445581619117,20.001759,0.00013345359,0
0.293664232509786,0.18924752,29.36642325097861,19.64333,0.00014280065,0
0.3017988636238488,0.18974832,30.179886362384877,19.670284,0.00013252559,0
0.3006542418757915,0.19175588,30.065424187579147,19.812328,0.00011922602,0
0.3075181985091363,0.19562843,30.75181985091363,20.15563,0.00011195245,0
0.316033054887915,0.19794516,31.603305488791506,20.40401,0.00011533916,0
0.3229084199895678,0.2014987,32.29084199895678,20.771875,0.00011635524,0
0.3261815667133925,0.20610714,32.61815667133926,21.212471,0.00011305065,0
0.3171531817190396,0.21102674,31.715318171903963,21.689552,0.00011173936,0
0.3224728195839801,0.21498033,32.24728195839801,22.095482,0.00011416483,0
0.3165713156434469,0.21495773,31.657131564344688,22.162767,0.00012752463,0
0.3219846217941042,0.21599476,32.19846217941042,22.283289,0.00012810063,0
0.3246452759884037,0.21485588,32.46452759884038,22.183186,0.0001323744,0
0.3152204339074083,0.21528564,31.522043390740837,22.209248,0.00012725436,0
0.3115335537755771,0.21637599,31.153355377557716,22.292162,0.00012272126,0
0.3124092261757288,0.21475364,31.240922617572885,22.166634,0.00013228078,0
0.3053584617630982,0.2122206,30.53584617630982,21.93991,0.00013751765,0
0.2918557607168878,0.21096699,29.185576071688782,21.810055,0.00013471219,0
0.296993026173714,0.2080257,29.699302617371398,21.518847,0.00013722319,0
0.3041019517717501,0.20208408,30.41019517717501,20.951733,0.00014935555,0
0.2955920880029811,0.1998586,29.55920880029812,20.715607,0.00014036655,0
0.3042071301797742,0.20065574,30.42071301797742,20.735716,0.0001245127,0
0.3131361964919992,0.19893727,31.31361964919992,20.565725,0.00012770669,0
0.3143391902954949,0.2002552,31.43391902954949,20.680983,0.000121945304,0
0.3230619113936028,0.20428814,32.30619113936028,21.043955,0.00011474075,0
0.317920203515082,0.20725271,31.792020351508203,21.336401,0.0001155741,0
0.3114415219632871,0.2113896,31.14415219632872,21.737944,0.00011326516,0
0.3182815304857477,0.2129972,31.828153048574773,21.941803,0.000121810255,0
0.309773117598479,0.21173905,30.977311759847908,21.87105,0.00013318511,0
0.3197473216098458,0.21242692,31.974732160984583,21.929787,0.0001279944,0
