simulation_id,timestamp,node_id,anomaly_score,anomaly_status,anomaly_flag
35,0,1,-0.10178290072377877,Normal,0
35,0,2,-0.14846579177280794,Normal,0
35,0,3,-0.09939113753369527,Normal,0
35,0,4,-0.11891090982518887,Normal,0
35,0,5,-0.11265382040561756,Normal,0
35,0,6,-0.09997252853292066,Normal,0
35,0,7,-0.12285762317173987,Normal,0
35,0,8,-0.12167278819977617,Normal,0
35,0,9,-0.10900761079697424,Normal,0
35,0,10,-0.06861707324696403,Normal,0
35,1,1,-0.10650991186653497,Normal,0
35,1,2,-0.08617541599081435,Normal,0
35,1,3,-0.09735462212944063,Normal,0
35,1,4,-0.13982863913595478,Normal,0
35,1,5,-0.0910153576801474,Normal,0
35,1,6,-0.06758020665056769,Normal,0
35,1,7,-0.12073346276428432,Normal,0
35,1,8,-0.1261346374120108,Normal,0
35,1,9,-0.062259448924634364,Normal,0
35,1,10,-0.13903612658061132,Normal,0
35,2,1,-0.1055409929493405,Normal,0
35,2,2,-0.07460223321938664,Normal,0
35,2,3,-0.0759440871801258,Normal,0
35,2,4,-0.1617426238493785,Normal,0
35,2,5,-0.1115389030810851,Normal,0
35,2,6,-0.10463188831496512,Normal,0
35,2,7,-0.12485634218887698,Normal,0
35,2,8,-0.09931750899361014,Normal,0
35,2,9,-0.1258059296753668,Normal,0
35,2,10,-0.15512337394150377,Normal,0
35,3,1,-0.12177482127017358,Normal,0
35,3,2,-0.09468661231192932,Normal,0
35,3,3,0.020485461386124615,Anomalous,1
35,3,4,-0.1347901645986787,Normal,0
35,3,5,-0.1214385983401493,Normal,0
35,3,6,-0.08190173421976826,Normal,0
35,3,7,-0.09079878245696754,Normal,0
35,3,8,-0.009167277355590753,Normal,0
35,3,9,-0.1360497845530106,Normal,0
35,3,10,-0.1528690532342969,Normal,0
35,4,1,-0.0986855056515269,Normal,0
35,4,2,-0.06677502112770223,Normal,0
35,4,3,-0.07044773724968956,Normal,0
35,4,4,-0.12522972291345802,Normal,0
35,4,5,-0.10594556251485326,Normal,0
35,4,6,-0.11931735234336238,Normal,0
35,4,7,-0.11759197411352473,Normal,0
35,4,8,-0.12969337791170443,Normal,0
35,4,9,-0.10234984718742968,Normal,0
35,4,10,-0.15610191446942506,Normal,0
35,5,1,-0.09371526972048883,Normal,0
35,5,2,-0.13881634857211683,Normal,0
35,5,3,-0.07199302862321849,Normal,0
35,5,4,-0.170412811058268,Normal,0
35,5,5,-0.121506126477537,Normal,0
35,5,6,-0.11946125347532283,Normal,0
35,5,7,-0.13697846961743926,Normal,0
35,5,8,-0.05518300871492332,Normal,0
35,5,9,-0.08990150631446431,Normal,0
35,5,10,-0.1810348500964259,Normal,0
35,6,1,-0.10001042904490504,Normal,0
35,6,2,-0.1587807749003078,Normal,0
35,6,3,-0.07340492168973539,Normal,0
35,6,4,-0.16152961018573253,Normal,0
35,6,5,-0.1032182275851029,Normal,0
35,6,6,-0.0748598806148455,Normal,0
35,6,7,-0.14581230654006,Normal,0
35,6,8,-0.13745411893096982,Normal,0
35,6,9,-0.10355094900635686,Normal,0
35,6,10,-0.17743303579679154,Normal,0
35,7,1,-0.09878928309560187,Normal,0
35,7,2,-0.104030189960656,Normal,0
35,7,3,-0.08123584721384086,Normal,0
35,7,4,-0.16051344831589115,Normal,0
35,7,5,-0.064242631708543,Normal,0
35,7,6,-0.12302384427400853,Normal,0
35,7,7,-0.04965406935730121,Normal,0
35,7,8,-0.04798060675079707,Normal,0
35,7,9,-0.12261012507940339,Normal,0
35,7,10,-0.16914827135287613,Normal,0
35,8,1,-0.04947893202291542,Normal,0
35,8,2,-0.12187268562524384,Normal,0
35,8,3,-0.16161609157320644,Normal,0
35,8,4,-0.16908962717112763,Normal,0
35,8,5,-0.09676358707914723,Normal,0
35,8,6,-0.13188399936571216,Normal,0
35,8,7,-0.030200244238733576,Normal,0
35,8,8,-0.10960790196519093,Normal,0
35,8,9,-0.12248197425786428,Normal,0
35,8,10,-0.17628828640647992,Normal,0
35,9,1,-0.09939735447185166,Normal,0
35,9,2,-0.1255226921468161,Normal,0
35,9,3,-0.1630997609203566,Normal,0
35,9,4,-0.14154400392803768,Normal,0
35,9,5,-0.12190717356847786,Normal,0
35,9,6,-0.1294961827680291,Normal,0
35,9,7,0.008050179077906505,Anomalous,1
35,9,8,-0.11267705652894483,Normal,0
35,9,9,-0.11097086328103062,Normal,0
35,9,10,-0.16888612363604955,Normal,0
35,10,1,-0.11330021508119248,Normal,0
35,10,2,-0.16750080638912201,Normal,0
35,10,3,-0.16777328009691722,Normal,0
35,10,4,-0.1647656904836015,Normal,0
35,10,5,-0.015578612815232096,Normal,0
35,10,6,-0.1356442634207281,Normal,0
35,10,7,-0.004281082346835774,Normal,0
35,10,8,-0.12231075061851426,Normal,0
35,10,9,-0.13371412013170625,Normal,0
35,10,10,-0.14385925973064906,Normal,0
35,11,1,-0.11022142269754592,Normal,0
35,11,2,-0.08593968755007209,Normal,0
35,11,3,-0.029725774637741842,Normal,0
35,11,4,-0.15940320106346306,Normal,0
35,11,5,-0.11081233603946727,Normal,0
35,11,6,-0.11302555579823415,Normal,0
35,11,7,-0.03533807411777412,Normal,0
35,11,8,-0.11959688023221976,Normal,0
35,11,9,-0.13947220872255445,Normal,0
35,11,10,-0.14471805415630634,Normal,0
35,12,1,-0.0952112183078388,Normal,0
35,12,2,-0.08070135694137237,Normal,0
35,12,3,-0.1385110313205566,Normal,0
35,12,4,-0.15574271212988527,Normal,0
35,12,5,-0.11372830844075948,Normal,0
35,12,6,-0.05314390981337258,Normal,0
35,12,7,0.002868852910649422,Anomalous,1
35,12,8,-0.14329768086687544,Normal,0
35,12,9,-0.12050467629325351,Normal,0
35,12,10,-0.1685499190370749,Normal,0
35,13,1,-0.08824206682737795,Normal,0
35,13,2,-0.12848770236592533,Normal,0
35,13,3,-0.1673414218815077,Normal,0
35,13,4,-0.16652858337626575,Normal,0
35,13,5,-0.1202831822072683,Normal,0
35,13,6,-0.1178162645837223,Normal,0
35,13,7,-0.03822025663688189,Normal,0
35,13,8,-0.0551917442840435,Normal,0
35,13,9,-0.12453470963632679,Normal,0
35,13,10,-0.1753284068695236,Normal,0
35,14,1,-0.09422957783393537,Normal,0
35,14,2,-0.156975256484373,Normal,0
35,14,3,-0.15678362455808426,Normal,0
35,14,4,-0.07546652145731247,Normal,0
35,14,5,-0.1223934517892184,Normal,0
35,14,6,-0.11146022969512454,Normal,0
35,14,7,-0.05852238419575184,Normal,0
35,14,8,-0.12526794020340287,Normal,0
35,14,9,-0.08262906553933697,Normal,0
35,14,10,-0.1616463772347086,Normal,0
35,15,1,-0.12132408001509132,Normal,0
35,15,2,-0.1667906034670113,Normal,0
35,15,3,-0.11168208463727058,Normal,0
35,15,4,-0.10388534433134589,Normal,0
35,15,5,-0.15421175783273838,Normal,0
35,15,6,-0.09637694874692032,Normal,0
35,15,7,-0.049340379317841965,Normal,0
35,15,8,-0.1322245042190313,Normal,0
35,15,9,-0.16455448000945316,Normal,0
35,15,10,-0.17973132124266544,Normal,0
35,16,1,-0.12301332066249965,Normal,0
35,16,2,-0.16782211704063738,Normal,0
35,16,3,-0.15835719618423194,Normal,0
35,16,4,-0.1487935519269334,Normal,0
35,16,5,-0.15452408653703426,Normal,0
35,16,6,-0.05167975959806437,Normal,0
35,16,7,-0.021869545272093727,Normal,0
35,16,8,-0.1250014493877113,Normal,0
35,16,9,-0.1359386815044648,Normal,0
35,16,10,-0.16844041354408212,Normal,0
35,17,1,-0.1158805257020058,Normal,0
35,17,2,-0.1137603771347187,Normal,0
35,17,3,-0.1563195283035531,Normal,0
35,17,4,-0.1546174415648895,Normal,0
35,17,5,-0.15051192930587987,Normal,0
35,17,6,-0.06932332432765836,Normal,0
35,17,7,-0.022316550314876782,Normal,0
35,17,8,-0.13564787352870417,Normal,0
35,17,9,-0.1591269498679403,Normal,0
35,17,10,-0.1415598522678359,Normal,0
35,18,1,-0.10605759041518542,Normal,0
35,18,2,-0.14690314314535918,Normal,0
35,18,3,-0.16466725217615458,Normal,0
35,18,4,-0.15485214444868567,Normal,0
35,18,5,-0.11770286552708642,Normal,0
35,18,6,-0.10699618494115387,Normal,0
35,18,7,-0.07154810751857138,Normal,0
35,18,8,-0.11352320376134345,Normal,0
35,18,9,-0.13821446143830385,Normal,0
35,18,10,-0.1596652086713788,Normal,0
35,19,1,-0.07352273152352257,Normal,0
35,19,2,-0.04925420778414169,Normal,0
35,19,3,-0.16339436636545374,Normal,0
35,19,4,-0.13275691432201797,Normal,0
35,19,5,-0.03931157876524216,Normal,0
35,19,6,-0.09631542301645657,Normal,0
35,19,7,0.0029650473920392884,Anomalous,1
35,19,8,-0.13164693436593455,Normal,0
35,19,9,-0.03906125318084408,Normal,0
35,19,10,-0.15278976960282598,Normal,0
35,20,1,-0.1209573629462447,Normal,0
35,20,2,-0.1738959972861544,Normal,0
35,20,3,0.025224961958056347,Anomalous,1
35,20,4,-0.13311476453246135,Normal,0
35,20,5,-0.13853808800810308,Normal,0
35,20,6,-0.1469821435738497,Normal,0
35,20,7,-0.08727130841721004,Normal,0
35,20,8,-0.09256028222932461,Normal,0
35,20,9,-0.14668331102373877,Normal,0
35,20,10,-0.16770036693953883,Normal,0
35,21,1,-0.10365434908377325,Normal,0
35,21,2,-0.12549738307777447,Normal,0
35,21,3,-0.05693080565266084,Normal,0
35,21,4,-0.15620934326973485,Normal,0
35,21,5,-0.14620630035759113,Normal,0
35,21,6,-0.15104025811935484,Normal,0
35,21,7,-0.08854020177603655,Normal,0
35,21,8,-0.10826721688218222,Normal,0
35,21,9,-0.1310741332764217,Normal,0
35,21,10,-0.16679410831588765,Normal,0
35,22,1,-0.11380433659176986,Normal,0
35,22,2,-0.12767111930362007,Normal,0
35,22,3,-0.07674979434368001,Normal,0
35,22,4,-0.151685094353679,Normal,0
35,22,5,-0.14575511561575566,Normal,0
35,22,6,-0.1134831128255207,Normal,0
35,22,7,-0.08778923512344267,Normal,0
35,22,8,-0.12578972772391217,Normal,0
35,22,9,-0.1498812619178307,Normal,0
35,22,10,-0.15958382973311486,Normal,0
35,23,1,-0.12012325924095485,Normal,0
35,23,2,-0.17397950374541643,Normal,0
35,23,3,-0.06529947895725058,Normal,0
35,23,4,-0.16920737491327226,Normal,0
35,23,5,-0.13800006723499408,Normal,0
35,23,6,-0.12409704639418612,Normal,0
35,23,7,-0.09443896143450731,Normal,0
35,23,8,-0.09237645918705595,Normal,0
35,23,9,-0.07169573068807672,Normal,0
35,23,10,-0.17702380270909684,Normal,0
35,24,1,-0.08354475994898886,Normal,0
35,24,2,0.0010880283639201904,Anomalous,1
35,24,3,-0.11025669638588914,Normal,0
35,24,4,-0.17059617226190638,Normal,0
35,24,5,-0.14321709787731984,Normal,0
35,24,6,-0.13915860756946669,Normal,0
35,24,7,-0.07553966533155654,Normal,0
35,24,8,-0.08325199975057096,Normal,0
35,24,9,-0.12210934827492742,Normal,0
35,24,10,-0.1761365068216577,Normal,0
35,25,1,-0.10708660131200842,Normal,0
35,25,2,-0.05425722488166451,Normal,0
35,25,3,-0.14712852194965953,Normal,0
35,25,4,-0.16548424762672137,Normal,0
35,25,5,-0.12256378333989137,Normal,0
35,25,6,-0.12092132077247625,Normal,0
35,25,7,-0.021819550953938727,Normal,0
35,25,8,-0.0927677858725326,Normal,0
35,25,9,-0.1573398857521392,Normal,0
35,25,10,-0.1609340493981531,Normal,0
35,26,1,-0.11225094207191344,Normal,0
35,26,2,-0.1308719699693272,Normal,0
35,26,3,-0.1392727757044525,Normal,0
35,26,4,-0.17328009342589934,Normal,0
35,26,5,-0.06055850844630656,Normal,0
35,26,6,-0.13926270333123897,Normal,0
35,26,7,-0.10154950782857985,Normal,0
35,26,8,-0.10544999371650243,Normal,0
35,26,9,-0.15185944155318015,Normal,0
35,26,10,-0.1510113033014432,Normal,0
35,27,1,-0.10927588587027709,Normal,0
35,27,2,-0.10065762182708704,Normal,0
35,27,3,-0.07284681702795415,Normal,0
35,27,4,-0.16915418942874177,Normal,0
35,27,5,-0.14659114649509714,Normal,0
35,27,6,-0.135417335967434,Normal,0
35,27,7,-0.09068318952194093,Normal,0
35,27,8,-0.006440320066206762,Normal,0
35,27,9,-0.1557561561272866,Normal,0
35,27,10,-0.15010322024786477,Normal,0
35,28,1,-0.09152413531436288,Normal,0
35,28,2,-0.1754449714962371,Normal,0
35,28,3,-0.12525983546857455,Normal,0
35,28,4,-0.17415608309431907,Normal,0
35,28,5,-0.09845762615267212,Normal,0
35,28,6,-0.14504081388081808,Normal,0
35,28,7,-0.10183687296373728,Normal,0
35,28,8,-0.07044798585620787,Normal,0
35,28,9,-0.03970446233595826,Normal,0
35,28,10,-0.17502711856953646,Normal,0
35,29,1,-0.07678653758430548,Normal,0
35,29,2,-0.06833527782704546,Normal,0
35,29,3,-0.11097621373676064,Normal,0
35,29,4,-0.15928592183496726,Normal,0
35,29,5,-0.13289395455951658,Normal,0
35,29,6,-0.13606186562153577,Normal,0
35,29,7,-0.011367951785772323,Normal,0
35,29,8,-0.11793132403146983,Normal,0
35,29,9,-0.048780264370084536,Normal,0
35,29,10,-0.16167599010064398,Normal,0
35,30,1,-0.04777829155573676,Normal,0
35,30,2,-0.1431122811890182,Normal,0
35,30,3,-0.14824915536204414,Normal,0
35,30,4,-0.16695575804184937,Normal,0
35,30,5,-0.1270768782355578,Normal,0
35,30,6,-0.08877413322767069,Normal,0
35,30,7,-0.06499334101303511,Normal,0
35,30,8,-0.07853395138159508,Normal,0
35,30,9,-0.13874134289656093,Normal,0
35,30,10,-0.16252320370783613,Normal,0
35,31,1,-0.06907088025965191,Normal,0
35,31,2,-0.1795316712102682,Normal,0
35,31,3,-0.08750134372664592,Normal,0
35,31,4,-0.17557155549078668,Normal,0
35,31,5,-0.11841386199507659,Normal,0
35,31,6,-0.13887097337634025,Normal,0
35,31,7,-0.10256805503775096,Normal,0
35,31,8,-0.10571074983659878,Normal,0
35,31,9,-0.14620763402604137,Normal,0
35,31,10,-0.10650491334609413,Normal,0
35,32,1,-0.08677131080406797,Normal,0
35,32,2,-0.132543603007844,Normal,0
35,32,3,-0.07761921656101861,Normal,0
35,32,4,-0.14247718275148835,Normal,0
35,32,5,-0.1454960917818225,Normal,0
35,32,6,-0.06157493920276269,Normal,0
35,32,7,-0.12183807741279512,Normal,0
35,32,8,-0.008835901876081409,Normal,0
35,32,9,-0.15838960977131733,Normal,0
35,32,10,-0.14200837601679633,Normal,0
35,33,1,-0.05662742145259081,Normal,0
35,33,2,-0.17634793191092835,Normal,0
35,33,3,-0.1522527058504518,Normal,0
35,33,4,-0.05897649997468468,Normal,0
35,33,5,-0.12956842779286165,Normal,0
35,33,6,-0.10069523642503014,Normal,0
35,33,7,-0.12658010941405107,Normal,0
35,33,8,-0.09543186457856334,Normal,0
35,33,9,-0.15468105354240785,Normal,0
35,33,10,-0.13044274211949652,Normal,0
35,34,1,-0.05771815838190175,Normal,0
35,34,2,-0.1566512942318362,Normal,0
35,34,3,-0.10745071807994078,Normal,0
35,34,4,-0.1431961088625473,Normal,0
35,34,5,-0.10308663492292647,Normal,0
35,34,6,-0.07085140390639849,Normal,0
35,34,7,-0.1261107233241603,Normal,0
35,34,8,-0.08923269850526672,Normal,0
35,34,9,-0.1535369913764565,Normal,0
35,34,10,-0.12821343894282877,Normal,0
35,35,1,-0.05212570647547288,Normal,0
35,35,2,-0.0774287388385792,Normal,0
35,35,3,0.004484413844591639,Anomalous,1
35,35,4,-0.15683906734708458,Normal,0
35,35,5,-0.12303858639467197,Normal,0
35,35,6,-0.1306331082248245,Normal,0
35,35,7,-0.11553067351475205,Normal,0
35,35,8,-0.11211679375864525,Normal,0
35,35,9,-0.1354478982076724,Normal,0
35,35,10,-0.16272618525451166,Normal,0
35,36,1,-0.043597613014302095,Normal,0
35,36,2,-0.1624315444561144,Normal,0
35,36,3,-0.12362507431205072,Normal,0
35,36,4,-0.13780192352355597,Normal,0
35,36,5,-0.12011249665065693,Normal,0
35,36,6,-0.12849138593214993,Normal,0
35,36,7,-0.11440016628373972,Normal,0
35,36,8,-0.13998488123495806,Normal,0
35,36,9,-0.14917743645590437,Normal,0
35,36,10,-0.1603758521011623,Normal,0
35,37,1,0.00789129942789224,Anomalous,1
35,37,2,-0.1409046904984998,Normal,0
35,37,3,-0.05552853592740825,Normal,0
35,37,4,-0.14020383559910066,Normal,0
35,37,5,-0.15273223826857613,Normal,0
35,37,6,-0.12662668474329208,Normal,0
35,37,7,-0.11509681132719324,Normal,0
35,37,8,-0.006715598284483759,Normal,0
35,37,9,-0.1532197707576744,Normal,0
35,37,10,-0.08633081384388713,Normal,0
35,38,1,-0.008332663643921268,Normal,0
35,38,2,-0.02273638499994257,Normal,0
35,38,3,-0.14281836921490404,Normal,0
35,38,4,-0.1241563919509569,Normal,0
35,38,5,-0.1276285985358166,Normal,0
35,38,6,-0.12816063840980435,Normal,0
35,38,7,-0.0872195905789509,Normal,0
35,38,8,-0.058291510925289614,Normal,0
35,38,9,-0.15223940975622136,Normal,0
35,38,10,-0.12197350402303414,Normal,0
35,39,1,-0.07564395583957051,Normal,0
35,39,2,-0.13804388294371805,Normal,0
35,39,3,-0.13421935774770138,Normal,0
35,39,4,-0.125012345812063,Normal,0
35,39,5,-0.1080753269116399,Normal,0
35,39,6,-0.11220908997865431,Normal,0
35,39,7,-0.11153448361333579,Normal,0
35,39,8,-0.08536646996294556,Normal,0
35,39,9,-0.1458584737255515,Normal,0
35,39,10,-0.14539672925281188,Normal,0
35,40,1,-0.08605289578520597,Normal,0
35,40,2,-0.16562386424985098,Normal,0
35,40,3,-0.11246694772015375,Normal,0
35,40,4,-0.10843749803885416,Normal,0
35,40,5,-0.12320099575043897,Normal,0
35,40,6,-0.09130287599014908,Normal,0
35,40,7,-0.0855491866332661,Normal,0
35,40,8,-0.09526087964634611,Normal,0
35,40,9,-0.07953541467399877,Normal,0
35,40,10,-0.09804384709836578,Normal,0
35,41,1,-0.07103845739958753,Normal,0
35,41,2,-0.14673916813812016,Normal,0
35,41,3,-0.16091214559166855,Normal,0
35,41,4,-0.08958355326837436,Normal,0
35,41,5,-0.07967015450432996,Normal,0
35,41,6,-0.12252254077430036,Normal,0
35,41,7,-0.04558337123792644,Normal,0
35,41,8,-0.14027519238789476,Normal,0
35,41,9,-0.15744286557721804,Normal,0
35,41,10,-0.09730067461009373,Normal,0
35,42,1,-0.03830851028496651,Normal,0
35,42,2,-0.06884464180543604,Normal,0
35,42,3,-0.16589374975806032,Normal,0
35,42,4,-0.09891699886834909,Normal,0
35,42,5,-0.13146440679874222,Normal,0
35,42,6,-0.0714113842059041,Normal,0
35,42,7,-0.10088534622148454,Normal,0
35,42,8,-0.055418830351359194,Normal,0
35,42,9,-0.15084974868851542,Normal,0
35,42,10,-0.1218119758323522,Normal,0
35,43,1,-0.07447779838877994,Normal,0
35,43,2,-0.10988669119356659,Normal,0
35,43,3,-0.13309056625628535,Normal,0
35,43,4,-0.10711091784607585,Normal,0
35,43,5,-0.11098969666600794,Normal,0
35,43,6,-0.01843024597593268,Normal,0
35,43,7,-0.0713569806660283,Normal,0
35,43,8,-0.10448225076740547,Normal,0
35,43,9,-0.13593952584143482,Normal,0
35,43,10,-0.07512130337966616,Normal,0
35,44,1,-0.0979823993183267,Normal,0
35,44,2,-0.11882951771949718,Normal,0
35,44,3,-0.07421678715332214,Normal,0
35,44,4,-0.12428882325448759,Normal,0
35,44,5,-0.09268209235595021,Normal,0
35,44,6,-0.012609019820514433,Normal,0
35,44,7,-0.10644092960766327,Normal,0
35,44,8,-0.061247202376604526,Normal,0
35,44,9,-0.14087166402676182,Normal,0
35,44,10,-0.12521309636042344,Normal,0
35,45,1,-0.07329494825597654,Normal,0
35,45,2,-0.1481527730240657,Normal,0
35,45,3,-0.10511292289774743,Normal,0
35,45,4,-0.14452825923450308,Normal,0
35,45,5,-0.13021869429807448,Normal,0
35,45,6,-0.11127147235288848,Normal,0
35,45,7,-0.04420730239617654,Normal,0
35,45,8,-0.034798649453966046,Normal,0
35,45,9,-0.14440466579213662,Normal,0
35,45,10,-0.14243895968076253,Normal,0
35,46,1,-0.06415710860386831,Normal,0
35,46,2,-0.15492461632582832,Normal,0
35,46,3,-0.13513151614949787,Normal,0
35,46,4,-0.16304063886630477,Normal,0
35,46,5,-0.11104131209376339,Normal,0
35,46,6,-0.05258016543495225,Normal,0
35,46,7,-0.06599940065316884,Normal,0
35,46,8,-0.11770643021288063,Normal,0
35,46,9,-0.13485509641743648,Normal,0
35,46,10,-0.15804727204545782,Normal,0
35,47,1,-0.09008425162100414,Normal,0
35,47,2,-0.1331897267875301,Normal,0
35,47,3,-0.12973716810261077,Normal,0
35,47,4,-0.15854359776834875,Normal,0
35,47,5,-0.11313198953691983,Normal,0
35,47,6,-0.05791576075865368,Normal,0
35,47,7,-0.0834429150631586,Normal,0
35,47,8,-0.10575828821412869,Normal,0
35,47,9,-0.15083589457668733,Normal,0
35,47,10,-0.11948564025442565,Normal,0
35,48,1,-0.06571061785295396,Normal,0
35,48,2,-0.12104887870014203,Normal,0
35,48,3,-0.17364959046947465,Normal,0
35,48,4,-0.1654376533830969,Normal,0
35,48,5,-0.10405770407521986,Normal,0
35,48,6,0.00299805950136367,Anomalous,1
35,48,7,-0.0762078885334162,Normal,0
35,48,8,-0.09914049638639494,Normal,0
35,48,9,-0.12615006234559373,Normal,0
35,48,10,-0.16623238995754724,Normal,0
35,49,1,-0.03199659180363512,Normal,0
35,49,2,-0.1266522587387977,Normal,0
35,49,3,-0.15691576329091095,Normal,0
35,49,4,-0.16679862156866815,Normal,0
35,49,5,-0.08753946900244719,Normal,0
35,49,6,-0.007677655594147792,Normal,0
35,49,7,-0.09999264494076016,Normal,0
35,49,8,-0.09249052289576404,Normal,0
35,49,9,-0.10230078632263456,Normal,0
35,49,10,-0.1593897337442537,Normal,0
35,50,1,0.002275622723221682,Anomalous,1
35,50,2,-0.12297800979890827,Normal,0
35,50,3,-0.10952405003432031,Normal,0
35,50,4,-0.16084748939874888,Normal,0
35,50,5,-0.09256008501277213,Normal,0
35,50,6,0.011846896611746871,Anomalous,1
35,50,7,-0.07815129680965588,Normal,0
35,50,8,-0.10122212429925903,Normal,0
35,50,9,-0.1309373007578234,Normal,0
35,50,10,-0.16724308056953086,Normal,0
35,51,1,0.11255562155059473,Anomalous,1
35,51,2,-0.14363905775076663,Normal,0
35,51,3,-0.1759375362895964,Normal,0
35,51,4,-0.16462122430827558,Normal,0
35,51,5,-0.06659172281824999,Normal,0
35,51,6,0.00018644894721386862,Anomalous,1
35,51,7,-0.08185000152114308,Normal,0
35,51,8,-0.09073809398244792,Normal,0
35,51,9,-0.136080383233677,Normal,0
35,51,10,-0.16167780401265625,Normal,0
35,52,1,0.029893191818188614,Anomalous,1
35,52,2,-0.15010082768601574,Normal,0
35,52,3,-0.15443066145247186,Normal,0
35,52,4,-0.16542844231163162,Normal,0
35,52,5,-0.11841629297268391,Normal,0
35,52,6,-0.04869351070252692,Normal,0
35,52,7,-0.08893258247808322,Normal,0
35,52,8,-0.10257742146708104,Normal,0
35,52,9,-0.14673066045928623,Normal,0
35,52,10,-0.1260883522104474,Normal,0
35,53,1,-0.0011153854476695368,Normal,0
35,53,2,-0.11420891243428821,Normal,0
35,53,3,-0.12451408171561579,Normal,0
35,53,4,-0.09268057322974715,Normal,0
35,53,5,-0.1475707951040775,Normal,0
35,53,6,-0.0778976916765976,Normal,0
35,53,7,-0.1026635555117586,Normal,0
35,53,8,-0.06307060096551376,Normal,0
35,53,9,-0.12852584857132565,Normal,0
35,53,10,-0.14284253735923252,Normal,0
35,54,1,0.023874032797914335,Anomalous,1
35,54,2,-0.13479858694394287,Normal,0
35,54,3,-0.09181317436591285,Normal,0
35,54,4,-0.15790586393614153,Normal,0
35,54,5,-0.14179441124049086,Normal,0
35,54,6,-0.03558830385676992,Normal,0
35,54,7,-0.06706558280976938,Normal,0
35,54,8,-0.07553816239690875,Normal,0
35,54,9,-0.14683575293316742,Normal,0
35,54,10,-0.1612469983725609,Normal,0
35,55,1,-0.0252171672040713,Normal,0
35,55,2,-0.05909732192762529,Normal,0
35,55,3,-0.15437958042573574,Normal,0
35,55,4,-0.147265037690599,Normal,0
35,55,5,-0.13682729386257636,Normal,0
35,55,6,-0.010494928919868585,Normal,0
35,55,7,-0.0908463045317422,Normal,0
35,55,8,-0.08690263306867924,Normal,0
35,55,9,-0.13295309146927825,Normal,0
35,55,10,-0.15272013997466682,Normal,0
35,56,1,0.024379560702660008,Anomalous,1
35,56,2,-0.11409413005607055,Normal,0
35,56,3,-0.15474260010609975,Normal,0
35,56,4,-0.1472534506747622,Normal,0
35,56,5,-0.10134040069884725,Normal,0
35,56,6,-0.06524918402199142,Normal,0
35,56,7,-0.10133398096464219,Normal,0
35,56,8,-0.09760558494864158,Normal,0
35,56,9,-0.15857056294798028,Normal,0
35,56,10,-0.14223092642412594,Normal,0
35,57,1,-0.016107053550393324,Normal,0
35,57,2,-0.09287770692195613,Normal,0
35,57,3,-0.16894197461414745,Normal,0
35,57,4,-0.16193891164073831,Normal,0
35,57,5,-0.12529951931749778,Normal,0
35,57,6,-0.10096110279976578,Normal,0
35,57,7,-0.10070986131717291,Normal,0
35,57,8,-0.05702973108090814,Normal,0
35,57,9,-0.15751956596750333,Normal,0
35,57,10,-0.1680016370134943,Normal,0
35,58,1,-0.014363021561600076,Normal,0
35,58,2,-0.07206146920002537,Normal,0
35,58,3,-0.1799037885111609,Normal,0
35,58,4,-0.15255938313988754,Normal,0
35,58,5,-0.14176379549137463,Normal,0
35,58,6,-0.023392837281118517,Normal,0
35,58,7,-0.10169622128527511,Normal,0
35,58,8,-0.11012781986230014,Normal,0
35,58,9,-0.12995878615528056,Normal,0
35,58,10,-0.16019692294001325,Normal,0
35,59,1,-0.02493167671585772,Normal,0
35,59,2,-0.09637928504608106,Normal,0
35,59,3,-0.1366925008190943,Normal,0
35,59,4,-0.13685059186939286,Normal,0
35,59,5,-0.14085281491624985,Normal,0
35,59,6,-0.06024242448762046,Normal,0
35,59,7,-0.12080689953135632,Normal,0
35,59,8,-0.08551872436762309,Normal,0
35,59,9,-0.1556152966382115,Normal,0
35,59,10,-0.14816650992753538,Normal,0
35,60,1,-0.06060710572600303,Normal,0
35,60,2,-0.12845160064808042,Normal,0
35,60,3,-0.1219420725445221,Normal,0
35,60,4,-0.13619027733513467,Normal,0
35,60,5,-0.13640015636204733,Normal,0
35,60,6,-0.08310029409824077,Normal,0
35,60,7,-0.12411583563744089,Normal,0
35,60,8,-0.043191080242396485,Normal,0
35,60,9,-0.1272655811611999,Normal,0
35,60,10,-0.12941690031260672,Normal,0
35,61,1,-0.0826899709242726,Normal,0
35,61,2,-0.1316071540023827,Normal,0
35,61,3,-0.10899132930399341,Normal,0
35,61,4,-0.1258996772815419,Normal,0
35,61,5,-0.11405928743644944,Normal,0
35,61,6,-0.08276585675387504,Normal,0
35,61,7,-0.0460355965263326,Normal,0
35,61,8,-0.03083141333583983,Normal,0
35,61,9,-0.15805136719962848,Normal,0
35,61,10,-0.16404024043554544,Normal,0
35,62,1,-0.065125052152324,Normal,0
35,62,2,-0.13836597022359143,Normal,0
35,62,3,-0.13143289209375736,Normal,0
35,62,4,-0.14108500255106543,Normal,0
35,62,5,-0.13823189333696784,Normal,0
35,62,6,-0.0932236428327542,Normal,0
35,62,7,-0.07626731017837557,Normal,0
35,62,8,-0.07541393654961231,Normal,0
35,62,9,-0.1499465018880795,Normal,0
35,62,10,-0.1625656821488295,Normal,0
35,63,1,-0.07659348386654324,Normal,0
35,63,2,-0.09257154828208969,Normal,0
35,63,3,-0.11608470581997399,Normal,0
35,63,4,-0.12944698142143962,Normal,0
35,63,5,-0.1386717255844766,Normal,0
35,63,6,-0.04509067791910215,Normal,0
35,63,7,-0.12051300654840291,Normal,0
35,63,8,-0.05215709676262814,Normal,0
35,63,9,-0.12326792565900663,Normal,0
35,63,10,-0.11293804595324608,Normal,0
35,64,1,-0.02893588175677908,Normal,0
35,64,2,-0.06777317087499707,Normal,0
35,64,3,-0.14817949978942835,Normal,0
35,64,4,-0.137009790132533,Normal,0
35,64,5,-0.09239604510643595,Normal,0
35,64,6,-0.05526783992595663,Normal,0
35,64,7,-0.06927025495522121,Normal,0
35,64,8,-0.11223416906168315,Normal,0
35,64,9,-0.13100742519057335,Normal,0
35,64,10,-0.16488302815210876,Normal,0
35,65,1,-0.09344122850604497,Normal,0
35,65,2,-0.13707900936745232,Normal,0
35,65,3,-0.15712252862968734,Normal,0
35,65,4,-0.13305197250667683,Normal,0
35,65,5,-0.07861876361149411,Normal,0
35,65,6,-0.0571837476812278,Normal,0
35,65,7,-0.04502630260275964,Normal,0
35,65,8,-0.10447360393822996,Normal,0
35,65,9,-0.164827300030357,Normal,0
35,65,10,-0.12504849625819314,Normal,0
35,66,1,-0.04802492530532976,Normal,0
35,66,2,-0.15296348807395327,Normal,0
35,66,3,-0.16197302210339348,Normal,0
35,66,4,-0.12544092198079543,Normal,0
35,66,5,-0.13332224164563217,Normal,0
35,66,6,-0.05348364942946282,Normal,0
35,66,7,-0.11428157496198471,Normal,0
35,66,8,-0.12783195927040525,Normal,0
35,66,9,-0.12523515461635643,Normal,0
35,66,10,-0.15191838203542357,Normal,0
35,67,1,-0.06948563356987292,Normal,0
35,67,2,-0.08755300269910454,Normal,0
35,67,3,0.030347093293582872,Anomalous,1
35,67,4,-0.13511788529886098,Normal,0
35,67,5,-0.15195698495031462,Normal,0
35,67,6,-0.07665301416992448,Normal,0
35,67,7,-0.10267627951563629,Normal,0
35,67,8,-0.03285606434659616,Normal,0
35,67,9,-0.14671711134967075,Normal,0
35,67,10,-0.09671759993328166,Normal,0
35,68,1,0.031243845689069016,Anomalous,1
35,68,2,-0.1575380262149934,Normal,0
35,68,3,-0.06230940659481199,Normal,0
35,68,4,-0.13624403249994604,Normal,0
35,68,5,-0.05061080845077426,Normal,0
35,68,6,-0.0919946528842428,Normal,0
35,68,7,-0.09604851756072169,Normal,0
35,68,8,-0.10974726843426535,Normal,0
35,68,9,-0.1616169046279438,Normal,0
35,68,10,-0.137069924381574,Normal,0
35,69,1,-0.006098024145078207,Normal,0
35,69,2,-0.14594926294141497,Normal,0
35,69,3,-0.07231532614782771,Normal,0
35,69,4,-0.10106755913183374,Normal,0
35,69,5,-0.01356884572767214,Normal,0
35,69,6,-0.06571511655297962,Normal,0
35,69,7,-0.09372928271557057,Normal,0
35,69,8,-0.09041527312432035,Normal,0
35,69,9,-0.03905161390441103,Normal,0
35,69,10,-0.12298153127901795,Normal,0
35,70,1,-0.09320534509649542,Normal,0
35,70,2,-0.12913558604526298,Normal,0
35,70,3,-0.10078661997446697,Normal,0
35,70,4,-0.12846225627668317,Normal,0
35,70,5,-0.04891722818414668,Normal,0
35,70,6,-0.06455405529565456,Normal,0
35,70,7,-0.06567899222411872,Normal,0
35,70,8,-0.11802960484178604,Normal,0
35,70,9,-0.09724775313302059,Normal,0
35,70,10,-0.13144111260955343,Normal,0
35,71,1,-0.07667699949309342,Normal,0
35,71,2,-0.1335875655627099,Normal,0
35,71,3,-0.11752343919538966,Normal,0
35,71,4,-0.1333216305061356,Normal,0
35,71,5,-0.12516945535361823,Normal,0
35,71,6,-0.08490057669927603,Normal,0
35,71,7,-0.0636703439835744,Normal,0
35,71,8,-0.10998731283699636,Normal,0
35,71,9,-0.10561100128673223,Normal,0
35,71,10,-0.1293623800513769,Normal,0
35,72,1,-0.07030537528317515,Normal,0
35,72,2,-0.16281883831939703,Normal,0
35,72,3,-0.12030579664838864,Normal,0
35,72,4,-0.15071427618409794,Normal,0
35,72,5,-0.13222065165767538,Normal,0
35,72,6,-0.055763449587282854,Normal,0
35,72,7,-0.033727547314303497,Normal,0
35,72,8,-0.0014084648086509777,Normal,0
35,72,9,-0.1357058320378729,Normal,0
35,72,10,-0.1434115160018284,Normal,0
35,73,1,-0.0595836183367866,Normal,0
35,73,2,-0.06274626495827479,Normal,0
35,73,3,-0.11183668705304822,Normal,0
35,73,4,-0.11748209252754716,Normal,0
35,73,5,-0.09323015605793972,Normal,0
35,73,6,-0.05307245946947203,Normal,0
35,73,7,-0.0269749932214568,Normal,0
35,73,8,-0.026425517781814678,Normal,0
35,73,9,-0.13315244888966443,Normal,0
35,73,10,-0.1293494480141396,Normal,0
35,74,1,-0.018123676699159597,Normal,0
35,74,2,-0.13872034417781232,Normal,0
35,74,3,-0.07049475827529861,Normal,0
35,74,4,-0.11488519468990749,Normal,0
35,74,5,-0.09677432645139383,Normal,0
35,74,6,-0.036537026072697376,Normal,0
35,74,7,-0.012667225179857744,Normal,0
35,74,8,-0.09634782421000188,Normal,0
35,74,9,-0.09517596053128169,Normal,0
35,74,10,-0.12356935172691436,Normal,0
35,75,1,-0.038044059378932515,Normal,0
35,75,2,-0.12603529016233705,Normal,0
35,75,3,-0.03960523465929844,Normal,0
35,75,4,-0.14266264806838042,Normal,0
35,75,5,-0.02036893352461966,Normal,0
35,75,6,-0.05647791753781661,Normal,0
35,75,7,-0.04193674490632959,Normal,0
35,75,8,-0.06784839848384439,Normal,0
35,75,9,-0.1523327281780711,Normal,0
35,75,10,-0.15353548555678953,Normal,0
35,76,1,-0.035725066197987765,Normal,0
35,76,2,-0.1285188125558645,Normal,0
35,76,3,-0.12634646028868568,Normal,0
35,76,4,-0.10042941405239086,Normal,0
35,76,5,-0.13952879931914564,Normal,0
35,76,6,-0.03723291156288677,Normal,0
35,76,7,-0.06290819846849816,Normal,0
35,76,8,-0.055778585064554354,Normal,0
35,76,9,-0.1622473239149793,Normal,0
35,76,10,-0.13442012041287066,Normal,0
35,77,1,-0.02927392318635813,Normal,0
35,77,2,-0.14633767953907934,Normal,0
35,77,3,-0.16658904915988676,Normal,0
35,77,4,-0.09127671654396802,Normal,0
35,77,5,-0.15452932505363243,Normal,0
35,77,6,-0.05984600050780786,Normal,0
35,77,7,-0.044280750942480185,Normal,0
35,77,8,-0.0886325484266543,Normal,0
35,77,9,-0.1607244004531596,Normal,0
35,77,10,-0.12295725270696978,Normal,0
35,78,1,-0.009669122993374413,Normal,0
35,78,2,-0.15581483715897593,Normal,0
35,78,3,-0.06649239902513798,Normal,0
35,78,4,-0.07860469546035992,Normal,0
35,78,5,-0.12113225489657858,Normal,0
35,78,6,-0.04920257382346682,Normal,0
35,78,7,-0.0071027289102119084,Normal,0
35,78,8,-0.09640020116047587,Normal,0
35,78,9,-0.140254878596138,Normal,0
35,78,10,-0.11158566310525714,Normal,0
35,79,1,-0.07263706007605358,Normal,0
35,79,2,-0.1568440215614591,Normal,0
35,79,3,-0.12918817380436076,Normal,0
35,79,4,-0.1101939273429382,Normal,0
35,79,5,-0.11270635742515112,Normal,0
35,79,6,-0.06595830740760211,Normal,0
35,79,7,-0.03424673436032444,Normal,0
35,79,8,-0.11584074669880173,Normal,0
35,79,9,-0.14744613394383016,Normal,0
35,79,10,-0.142611539439852,Normal,0
35,80,1,-0.01611317818330682,Normal,0
35,80,2,-0.08372715880338893,Normal,0
35,80,3,-0.1385571415293287,Normal,0
35,80,4,-0.12583960590396048,Normal,0
35,80,5,-0.13418279147827167,Normal,0
35,80,6,-0.03338984969108405,Normal,0
35,80,7,-0.05049360528127367,Normal,0
35,80,8,-0.11326840725165288,Normal,0
35,80,9,-0.1143763874098544,Normal,0
35,80,10,-0.13796055240718913,Normal,0
35,81,1,-0.05287060858499171,Normal,0
35,81,2,-0.09008309937946302,Normal,0
35,81,3,-0.058106010165714594,Normal,0
35,81,4,-0.11898990546255178,Normal,0
35,81,5,-0.12672021436584752,Normal,0
35,81,6,-0.04162062338860173,Normal,0
35,81,7,0.009244074252237167,Anomalous,1
35,81,8,0.07185204865407258,Anomalous,1
35,81,9,-0.15231627227937977,Normal,0
35,81,10,-0.1329613030252621,Normal,0
35,82,1,-9.81310248493461e-06,Normal,0
35,82,2,-0.02860731020515006,Normal,0
35,82,3,-0.044837996920290224,Normal,0
35,82,4,-0.11646162318447412,Normal,0
35,82,5,-0.15413260758415231,Normal,0
35,82,6,-0.05501410145177732,Normal,0
35,82,7,-0.032221047217826704,Normal,0
35,82,8,0.0011108657362771668,Anomalous,1
35,82,9,-0.1453895132301199,Normal,0
35,82,10,-0.11359420174749402,Normal,0
35,83,1,-0.038764396715470495,Normal,0
35,83,2,-0.058131786973042776,Normal,0
35,83,3,-0.06568845308342974,Normal,0
35,83,4,-0.10120170237950116,Normal,0
35,83,5,-0.15338005344769906,Normal,0
35,83,6,-0.054257455803140786,Normal,0
35,83,7,-0.04070680078328437,Normal,0
35,83,8,-0.039556544931453,Normal,0
35,83,9,-0.11314813476763963,Normal,0
35,83,10,-0.11503833634584465,Normal,0
35,84,1,-0.04070798580696755,Normal,0
35,84,2,-0.09501692664637768,Normal,0
35,84,3,-0.06757211853323802,Normal,0
35,84,4,-0.09551652916641484,Normal,0
35,84,5,-0.1481380508876921,Normal,0
35,84,6,-0.0637072938359679,Normal,0
35,84,7,-0.04270928435267929,Normal,0
35,84,8,-0.05614875219505999,Normal,0
35,84,9,-0.12765101744158902,Normal,0
35,84,10,-0.11746348765825426,Normal,0
35,85,1,-0.03147968974453619,Normal,0
35,85,2,-0.08937477446573827,Normal,0
35,85,3,-0.0548244642035105,Normal,0
35,85,4,-0.12210915234547842,Normal,0
35,85,5,-0.13449502428873789,Normal,0
35,85,6,-0.02244647332623051,Normal,0
35,85,7,-0.013892536916822018,Normal,0
35,85,8,-0.08932013494656244,Normal,0
35,85,9,-0.11766643047262432,Normal,0
35,85,10,-0.1153440708941928,Normal,0
35,86,1,-0.08317384041079418,Normal,0
35,86,2,-0.0917056625457493,Normal,0
35,86,3,-0.002367318711220978,Normal,0
35,86,4,-0.13259324609481543,Normal,0
35,86,5,-0.1541825493726836,Normal,0
35,86,6,-0.04397872852123719,Normal,0
35,86,7,-0.021323241416799643,Normal,0
35,86,8,-0.08291712496666015,Normal,0
35,86,9,-0.1642536816347671,Normal,0
35,86,10,-0.0935217001905439,Normal,0
35,87,1,-0.10885515374758248,Normal,0
35,87,2,-0.13261239519738466,Normal,0
35,87,3,-0.03792379556094261,Normal,0
35,87,4,-0.037392602933610575,Normal,0
35,87,5,-0.15658434182664493,Normal,0
35,87,6,-0.04970944244311948,Normal,0
35,87,7,-0.028497385906937067,Normal,0
35,87,8,-0.08512272556970679,Normal,0
35,87,9,-0.16710925007030486,Normal,0
35,87,10,-0.11837097973863803,Normal,0
35,88,1,-0.08030382226815319,Normal,0
35,88,2,-0.07499239949698866,Normal,0
35,88,3,0.009142737168622683,Anomalous,1
35,88,4,-0.1055721355829829,Normal,0
35,88,5,-0.13168197614262683,Normal,0
35,88,6,-0.05148954857439936,Normal,0
35,88,7,-0.0152303621536517,Normal,0
35,88,8,-0.06393743401344654,Normal,0
35,88,9,-0.15827320799085864,Normal,0
35,88,10,-0.0997947333149774,Normal,0
35,89,1,-0.07954530188027154,Normal,0
35,89,2,-0.14850007505278157,Normal,0
35,89,3,0.016080355594161322,Anomalous,1
35,89,4,-0.11253983647793409,Normal,0
35,89,5,-0.11068134905322013,Normal,0
35,89,6,-0.007613863786584685,Normal,0
35,89,7,0.028755334404394373,Anomalous,1
35,89,8,-0.08398612334259414,Normal,0
35,89,9,-0.16382505241645506,Normal,0
35,89,10,-0.10190022050659941,Normal,0
35,90,1,-0.03305719188157896,Normal,0
35,90,2,-0.12828548581411509,Normal,0
35,90,3,-0.10313898619851125,Normal,0
35,90,4,-0.1174222664790125,Normal,0
35,90,5,-0.14895566253039744,Normal,0
35,90,6,-0.01842438799340773,Normal,0
35,90,7,-0.027268692604381917,Normal,0
35,90,8,-0.10028128943942449,Normal,0
35,90,9,-0.16180824681211892,Normal,0
35,90,10,-0.09640010589097237,Normal,0
35,91,1,-0.08302128673275655,Normal,0
35,91,2,-0.13984616120760684,Normal,0
35,91,3,-0.08059229740509949,Normal,0
35,91,4,-0.09735464628660379,Normal,0
35,91,5,-0.15160012585289478,Normal,0
35,91,6,-0.050644906339371465,Normal,0
35,91,7,0.01896428847460463,Anomalous,1
35,91,8,-0.09986987311295803,Normal,0
35,91,9,-0.1660777465963849,Normal,0
35,91,10,-0.07666113023226967,Normal,0
35,92,1,-0.10669347575890359,Normal,0
35,92,2,-0.1105957565597015,Normal,0
35,92,3,-0.09381666217301243,Normal,0
35,92,4,-0.10585605351736566,Normal,0
35,92,5,-0.1534736784785991,Normal,0
35,92,6,-0.03649387130445414,Normal,0
35,92,7,-0.008766398491479088,Normal,0
35,92,8,-0.09242823397909217,Normal,0
35,92,9,-0.1643861854278481,Normal,0
35,92,10,-0.09697443475005957,Normal,0
35,93,1,-0.11012218911555632,Normal,0
35,93,2,-0.12726907429660184,Normal,0
35,93,3,-0.03297236310396201,Normal,0
35,93,4,-0.11984701405819759,Normal,0
35,93,5,-0.15613323885450586,Normal,0
35,93,6,-0.053125326247338234,Normal,0
35,93,7,-0.02177110436249241,Normal,0
35,93,8,-0.09771357340276549,Normal,0
35,93,9,-0.14650714507375007,Normal,0
35,93,10,-0.12587386674404605,Normal,0
35,94,1,-0.05136148189838019,Normal,0
35,94,2,-0.14643785765879924,Normal,0
35,94,3,0.027202078058541912,Anomalous,1
35,94,4,-0.10781468736837385,Normal,0
35,94,5,-0.13461572522636334,Normal,0
35,94,6,-0.02602366314280158,Normal,0
35,94,7,0.017646915303885846,Anomalous,1
35,94,8,-0.08059073542631778,Normal,0
35,94,9,-0.12420602063179892,Normal,0
35,94,10,-0.1294639786901302,Normal,0
35,95,1,-0.08008593720899904,Normal,0
35,95,2,-0.07196463933994413,Normal,0
35,95,3,0.015228527237818645,Anomalous,1
35,95,4,-0.09907640135652546,Normal,0
35,95,5,-0.12787400829019718,Normal,0
35,95,6,-0.053483111198130096,Normal,0
35,95,7,-0.011988551287207327,Normal,0
35,95,8,-0.0269963843246378,Normal,0
35,95,9,-0.15712963816769654,Normal,0
35,95,10,-0.12589285749846013,Normal,0
35,96,1,-0.10785868768510104,Normal,0
35,96,2,-0.05678667027695483,Normal,0
35,96,3,-0.019938217298134164,Normal,0
35,96,4,-0.08803727522509236,Normal,0
35,96,5,-0.07861217069566451,Normal,0
35,96,6,0.014714747064280997,Anomalous,1
35,96,7,0.06547311220245222,Anomalous,1
35,96,8,-0.03055726695377614,Normal,0
35,96,9,-0.1516624639516947,Normal,0
35,96,10,-0.09651786772043414,Normal,0
35,97,1,-0.10896855911544429,Normal,0
35,97,2,-0.128413799415816,Normal,0
35,97,3,0.012952419721894981,Anomalous,1
35,97,4,-0.019149372120092045,Normal,0
35,97,5,-0.149534235023209,Normal,0
35,97,6,-0.026634007430145212,Normal,0
35,97,7,-0.0003695533490716274,Normal,0
35,97,8,-0.0573229592025829,Normal,0
35,97,9,-0.1520315007846928,Normal,0
35,97,10,-0.09184831780605263,Normal,0
35,98,1,-0.07426114339955353,Normal,0
35,98,2,-0.03843721143408796,Normal,0
35,98,3,-0.11458396408065735,Normal,0
35,98,4,-0.022913685668434436,Normal,0
35,98,5,-0.14984101925653487,Normal,0
35,98,6,-0.06530352741348544,Normal,0
35,98,7,-0.01701867046158112,Normal,0
35,98,8,0.02536630712458554,Anomalous,1
35,98,9,-0.15521980990738116,Normal,0
35,98,10,-0.03581346169832755,Normal,0
35,99,1,0.0031973644646622335,Anomalous,1
35,99,2,-0.12761340975985763,Normal,0
35,99,3,-0.030124569199616147,Normal,0
35,99,4,-0.022274626721855095,Normal,0
35,99,5,-0.15360354736527482,Normal,0
35,99,6,-0.05463236208057731,Normal,0
35,99,7,0.006670689012529096,Anomalous,1
35,99,8,-0.05125166608486775,Normal,0
35,99,9,-0.15374024264260266,Normal,0
35,99,10,-0.03009667608005895,Normal,0
35,100,1,-0.04439802761193523,Normal,0
35,100,2,-0.117126972407541,Normal,0
35,100,3,-0.08243319517631809,Normal,0
35,100,4,-0.04019692670255692,Normal,0
35,100,5,-0.1527858495565258,Normal,0
35,100,6,0.0020940040172404695,Anomalous,1
35,100,7,0.0813318958652588,Anomalous,1
35,100,8,0.0023788807786103705,Anomalous,1
35,100,9,-0.1631325179943347,Normal,0
35,100,10,-0.0625626668546655,Normal,0
35,101,1,0.004302603709278485,Anomalous,1
35,101,2,-0.13791018195505927,Normal,0
35,101,3,-0.12294395823628029,Normal,0
35,101,4,-0.045621555884604814,Normal,0
35,101,5,-0.07675366557334612,Normal,0
35,101,6,-0.054264939357124176,Normal,0
35,101,7,0.06926675746482258,Anomalous,1
35,101,8,-0.06403349678391679,Normal,0
35,101,9,-0.14333346861624535,Normal,0
35,101,10,-0.03621618253289116,Normal,0
35,102,1,-0.10052916683560131,Normal,0
35,102,2,-0.15226200726013328,Normal,0
35,102,3,-0.1312986988939841,Normal,0
35,102,4,-0.04706210609844552,Normal,0
35,102,5,-0.07595189744346298,Normal,0
35,102,6,-0.05928189512754545,Normal,0
35,102,7,-0.0021035263283584182,Normal,0
35,102,8,-0.06722612504403414,Normal,0
35,102,9,-0.15254662407433867,Normal,0
35,102,10,-0.06175752829705117,Normal,0
35,103,1,-0.10050812050410168,Normal,0
35,103,2,-0.14787544455480767,Normal,0
35,103,3,-0.09333415018048558,Normal,0
35,103,4,-0.03883941405882352,Normal,0
35,103,5,-0.13653180769187973,Normal,0
35,103,6,-0.059526406029918044,Normal,0
35,103,7,0.005689246036670759,Anomalous,1
35,103,8,-0.08572873186430413,Normal,0
35,103,9,-0.15509903963040167,Normal,0
35,103,10,-0.05628978743660895,Normal,0
35,104,1,-0.10299025995119843,Normal,0
35,104,2,-0.14441984545184977,Normal,0
35,104,3,-0.12974434122455053,Normal,0
35,104,4,0.006986827881409474,Anomalous,1
35,104,5,-0.14334610834237932,Normal,0
35,104,6,-0.047052968490278735,Normal,0
35,104,7,-0.02578026740828554,Normal,0
35,104,8,-0.05696035952513134,Normal,0
35,104,9,-0.16313799405408813,Normal,0
35,104,10,-0.004861894760965435,Normal,0
35,105,1,-0.09921486377723604,Normal,0
35,105,2,-0.08502799287094992,Normal,0
35,105,3,-0.12458541328107087,Normal,0
35,105,4,-0.018186694524158664,Normal,0
35,105,5,-0.12383178911136838,Normal,0
35,105,6,-0.050821921718596896,Normal,0
35,105,7,-0.004796787645235612,Normal,0
35,105,8,-0.10249021947774167,Normal,0
35,105,9,-0.15355457364506203,Normal,0
35,105,10,-0.048515453541379205,Normal,0
35,106,1,-0.05335864675562629,Normal,0
35,106,2,-0.12910532593119217,Normal,0
35,106,3,-0.1089104617140162,Normal,0
35,106,4,-0.0378666384690155,Normal,0
35,106,5,-0.08406656661313233,Normal,0
35,106,6,-0.06022693537409585,Normal,0
35,106,7,0.061502088642138575,Anomalous,1
35,106,8,-0.08962931111957179,Normal,0
35,106,9,-0.16026999217201576,Normal,0
35,106,10,-0.06732960087033879,Normal,0
35,107,1,-0.09844337831736377,Normal,0
35,107,2,-0.14130046990390738,Normal,0
35,107,3,-0.08812426613801866,Normal,0
35,107,4,-0.052690861171931225,Normal,0
35,107,5,-0.042740085293751506,Normal,0
35,107,6,-0.04714546084711535,Normal,0
35,107,7,0.050253182237918526,Anomalous,1
35,107,8,-0.113047963989028,Normal,0
35,107,9,-0.16047237652079405,Normal,0
35,107,10,-0.06785232785386242,Normal,0
35,108,1,-0.08587217350381693,Normal,0
35,108,2,-0.1327883375624953,Normal,0
35,108,3,-0.10984416608617537,Normal,0
35,108,4,-0.06086172685110869,Normal,0
35,108,5,-0.11410475382627089,Normal,0
35,108,6,-0.07093905657450583,Normal,0
35,108,7,0.005075068505487668,Anomalous,1
35,108,8,-0.12899278823848476,Normal,0
35,108,9,-0.14697918074508898,Normal,0
35,108,10,-0.07461348383676664,Normal,0
35,109,1,-0.07365095174435266,Normal,0
35,109,2,-0.1528488981679073,Normal,0
35,109,3,-0.09864371895947932,Normal,0
35,109,4,-0.032985302114045156,Normal,0
35,109,5,-0.13691655251979162,Normal,0
35,109,6,-0.074214885457213,Normal,0
35,109,7,-0.0006320947487973294,Normal,0
35,109,8,-0.11763230846983397,Normal,0
35,109,9,-0.13145719104371978,Normal,0
35,109,10,-0.043257941889088825,Normal,0
35,110,1,-0.12428635374895286,Normal,0
35,110,2,-0.13781215999759489,Normal,0
35,110,3,-0.08429579222333328,Normal,0
35,110,4,-0.03991380410132528,Normal,0
35,110,5,-0.1165182012428006,Normal,0
35,110,6,-0.06818185501968699,Normal,0
35,110,7,0.01958055176580975,Anomalous,1
35,110,8,-0.11589709820793415,Normal,0
35,110,9,-0.1487655841910575,Normal,0
35,110,10,-0.05343146313556868,Normal,0
35,111,1,-0.10607444416270767,Normal,0
35,111,2,-0.10771080268570088,Normal,0
35,111,3,-0.09712861078272833,Normal,0
35,111,4,-0.049543750905278516,Normal,0
35,111,5,-0.0858195569421113,Normal,0
35,111,6,-0.04730661881060494,Normal,0
35,111,7,0.011782943631409193,Anomalous,1
35,111,8,-0.14771044709646297,Normal,0
35,111,9,-0.14298040799541378,Normal,0
35,111,10,-0.052924203600938635,Normal,0
35,112,1,-0.0924722294575604,Normal,0
35,112,2,-0.1286114487463495,Normal,0
35,112,3,-0.0742552822543463,Normal,0
35,112,4,-0.06271370656338876,Normal,0
35,112,5,-0.10229414108011708,Normal,0
35,112,6,-0.07752286296062139,Normal,0
35,112,7,-0.006652728241947181,Normal,0
35,112,8,-0.14194930060068106,Normal,0
35,112,9,-0.04808810246939632,Normal,0
35,112,10,-0.017752193523419058,Normal,0
35,113,1,-0.07865010899315178,Normal,0
35,113,2,-0.13958487205591485,Normal,0
35,113,3,-0.10687802392591433,Normal,0
35,113,4,-0.06292033906372196,Normal,0
35,113,5,-0.1124519419082955,Normal,0
35,113,6,-0.08186262460950888,Normal,0
35,113,7,-0.00010978609074152601,Normal,0
35,113,8,-0.14961127499934196,Normal,0
35,113,9,-0.11757258894081973,Normal,0
35,113,10,-0.02503192957342326,Normal,0
35,114,1,-0.09677079065855793,Normal,0
35,114,2,-0.1360494326915726,Normal,0
35,114,3,0.024717843987241306,Anomalous,1
35,114,4,-0.07688280732878322,Normal,0
35,114,5,-0.10671811738323966,Normal,0
35,114,6,-0.08080253970733658,Normal,0
35,114,7,0.03145977188690918,Anomalous,1
35,114,8,-0.049579054311845616,Normal,0
35,114,9,-0.03906788019378227,Normal,0
35,114,10,-0.10770946939554699,Normal,0
35,115,1,-0.12682094460022852,Normal,0
35,115,2,-0.11542951494905235,Normal,0
35,115,3,0.03885067375582307,Anomalous,1
35,115,4,-0.09742858713239444,Normal,0
35,115,5,-0.1084766349868937,Normal,0
35,115,6,-0.07802506250313307,Normal,0
35,115,7,0.06943991999102506,Anomalous,1
35,115,8,-0.06154754200913587,Normal,0
35,115,9,0.016989467718892648,Anomalous,1
35,115,10,-0.11911533180699241,Normal,0
35,116,1,-0.0757332670606734,Normal,0
35,116,2,-0.11250879251987089,Normal,0
35,116,3,0.052478564721783916,Anomalous,1
35,116,4,-0.10580851515096473,Normal,0
35,116,5,-0.10823853224446289,Normal,0
35,116,6,-0.04595155128503181,Normal,0
35,116,7,0.04191561022561896,Anomalous,1
35,116,8,-0.018454469059754453,Normal,0
35,116,9,-0.1011764542882676,Normal,0
35,116,10,-0.1367208797751166,Normal,0
35,117,1,-0.09544625254481243,Normal,0
35,117,2,-0.1299656530604854,Normal,0
35,117,3,0.05731120133965051,Anomalous,1
35,117,4,-0.08807828223209291,Normal,0
35,117,5,-0.048830772241079234,Normal,0
35,117,6,-0.07154175046206385,Normal,0
35,117,7,0.07629975786252519,Anomalous,1
35,117,8,-0.011342922599489103,Normal,0
35,117,9,-0.14080465984345447,Normal,0
35,117,10,-0.0951572362398373,Normal,0
35,118,1,-0.06246776764556711,Normal,0
35,118,2,-0.02239762357243813,Normal,0
35,118,3,0.07765835095993079,Anomalous,1
35,118,4,-0.0660317409158232,Normal,0
35,118,5,0.004876972467697249,Anomalous,1
35,118,6,-0.05993506498314333,Normal,0
35,118,7,0.08786841009824853,Anomalous,1
35,118,8,-0.016013766747602687,Normal,0
35,118,9,-0.1613000103712312,Normal,0
35,118,10,-0.06467094730895129,Normal,0
35,119,1,-0.07999358288719288,Normal,0
35,119,2,-0.07234990280484882,Normal,0
35,119,3,0.08894073694481286,Anomalous,1
35,119,4,-0.09599555060133991,Normal,0
35,119,5,-0.09190793701946137,Normal,0
35,119,6,-0.045550889109153836,Normal,0
35,119,7,0.09152768637052788,Anomalous,1
35,119,8,-0.010953114430379052,Normal,0
35,119,9,-0.139618773821596,Normal,0
35,119,10,-0.09319865542310235,Normal,0
